Daily activity on Wed Apr  2 12:41:32 UTC 2025
Daily activity on Thu Apr  3 07:11:07 UTC 2025
Daily activity on Fri Apr  4 07:10:51 UTC 2025
Daily activity on Sat Apr  5 07:09:38 UTC 2025
Daily activity on Sun Apr  6 07:09:37 UTC 2025
Daily activity on Mon Apr  7 07:11:58 UTC 2025
Daily activity on Tue Apr  8 07:11:10 UTC 2025
Daily activity on Wed Apr  9 07:11:08 UTC 2025
Daily activity on Thu Apr 10 07:10:56 UTC 2025
Daily activity on Fri Apr 11 07:11:00 UTC 2025
Daily activity on Sat Apr 12 07:09:42 UTC 2025
Daily activity on Sun Apr 13 07:09:42 UTC 2025
Daily activity on Mon Apr 14 07:11:57 UTC 2025
Daily activity on Tue Apr 15 07:11:53 UTC 2025
Daily activity on Wed Apr 16 07:11:16 UTC 2025
Daily activity on Thu Apr 17 07:11:30 UTC 2025
Daily activity on Fri Apr 18 07:10:55 UTC 2025
Daily activity on Sat Apr 19 07:09:34 UTC 2025
Daily activity on Sun Apr 20 07:10:37 UTC 2025
Daily activity on Mon Apr 21 07:11:38 UTC 2025
Daily activity on Tue Apr 22 07:11:32 UTC 2025
Daily activity on Wed Apr 23 07:14:59 UTC 2025
Daily activity on Thu Apr 24 07:11:32 UTC 2025
Daily activity on Fri Apr 25 07:11:09 UTC 2025
Daily activity on Sat Apr 26 07:09:42 UTC 2025
Daily activity on Sun Apr 27 07:09:45 UTC 2025
Daily activity on Mon Apr 28 07:36:45 UTC 2025
Daily activity on Tue Apr 29 07:12:14 UTC 2025
Daily activity on Wed Apr 30 07:11:13 UTC 2025
Daily activity on Thu May  1 07:11:43 UTC 2025
Daily activity on Fri May  2 07:11:12 UTC 2025
Daily activity on Sat May  3 07:09:50 UTC 2025
Daily activity on Sun May  4 07:10:08 UTC 2025
Daily activity on Mon May  5 07:12:01 UTC 2025
Daily activity on Tue May  6 07:11:52 UTC 2025
Daily activity on Wed May  7 07:11:37 UTC 2025
Daily activity on Thu May  8 07:11:19 UTC 2025
Daily activity on Fri May  9 07:11:16 UTC 2025
Daily activity on Sat May 10 07:09:41 UTC 2025
Daily activity on Sun May 11 07:10:19 UTC 2025
Daily activity on Mon May 12 07:12:02 UTC 2025
Daily activity on Tue May 13 07:12:09 UTC 2025
Daily activity on Wed May 14 07:11:26 UTC 2025
Daily activity on Thu May 15 07:11:31 UTC 2025
Daily activity on Fri May 16 07:11:41 UTC 2025
Daily activity on Sat May 17 07:10:05 UTC 2025
Daily activity on Sun May 18 07:09:57 UTC 2025
Daily activity on Mon May 19 07:12:10 UTC 2025
Daily activity on Tue May 20 07:11:48 UTC 2025
Daily activity on Wed May 21 07:11:34 UTC 2025
Daily activity on Thu May 22 07:11:28 UTC 2025
Daily activity on Fri May 23 07:11:36 UTC 2025
Daily activity on Sat May 24 07:09:52 UTC 2025
Daily activity on Sun May 25 07:10:10 UTC 2025
Daily activity on Mon May 26 07:13:38 UTC 2025
Daily activity on Tue May 27 07:11:52 UTC 2025
Daily activity on Wed May 28 07:11:38 UTC 2025
Daily activity on Thu May 29 07:11:34 UTC 2025
Daily activity on Fri May 30 07:11:14 UTC 2025
Daily activity on Sat May 31 07:10:23 UTC 2025
Daily activity on Sun Jun  1 07:10:42 UTC 2025
Daily activity on Mon Jun  2 07:12:55 UTC 2025
Daily activity on Tue Jun  3 07:12:26 UTC 2025
Daily activity on Wed Jun  4 07:12:00 UTC 2025
Daily activity on Thu Jun  5 07:11:56 UTC 2025
Daily activity on Fri Jun  6 07:11:17 UTC 2025
Daily activity on Sat Jun  7 07:10:14 UTC 2025
Daily activity on Sun Jun  8 07:10:25 UTC 2025
Daily activity on Mon Jun  9 07:13:09 UTC 2025
Daily activity on Tue Jun 10 07:11:19 UTC 2025
Daily activity on Wed Jun 11 07:11:58 UTC 2025
Daily activity on Thu Jun 12 07:12:01 UTC 2025
Daily activity on Fri Jun 13 07:11:18 UTC 2025
Daily activity on Sat Jun 14 07:10:24 UTC 2025
Daily activity on Sun Jun 15 07:10:53 UTC 2025
Daily activity on Mon Jun 16 07:13:40 UTC 2025
Daily activity on Tue Jun 17 07:12:00 UTC 2025
Daily activity on Wed Jun 18 07:12:13 UTC 2025
Daily activity on Thu Jun 19 07:11:44 UTC 2025
Daily activity on Fri Jun 20 07:11:35 UTC 2025
Daily activity on Sat Jun 21 07:10:31 UTC 2025
Daily activity on Sun Jun 22 07:11:06 UTC 2025
Daily activity on Mon Jun 23 07:13:50 UTC 2025
Daily activity on Tue Jun 24 07:12:54 UTC 2025
Daily activity on Wed Jun 25 07:13:09 UTC 2025
Daily activity on Thu Jun 26 07:12:41 UTC 2025
Daily activity on Fri Jun 27 07:12:21 UTC 2025
Daily activity on Sat Jun 28 07:10:26 UTC 2025
Daily activity on Sun Jun 29 07:10:33 UTC 2025
Daily activity on Mon Jun 30 07:13:53 UTC 2025
Daily activity on Tue Jul  1 07:13:25 UTC 2025
Daily activity on Wed Jul  2 07:12:26 UTC 2025
Daily activity on Thu Jul  3 07:12:55 UTC 2025
Daily activity on Fri Jul  4 07:12:47 UTC 2025
Daily activity on Sat Jul  5 07:10:40 UTC 2025
Daily activity on Sun Jul  6 07:10:40 UTC 2025
Daily activity on Mon Jul  7 07:14:07 UTC 2025
Daily activity on Tue Jul  8 07:13:07 UTC 2025
Daily activity on Wed Jul  9 07:13:41 UTC 2025
Daily activity on Thu Jul 10 07:13:45 UTC 2025
Daily activity on Fri Jul 11 07:13:43 UTC 2025
Daily activity on Sat Jul 12 07:11:25 UTC 2025
Daily activity on Sun Jul 13 07:12:27 UTC 2025
Daily activity on Mon Jul 14 07:16:27 UTC 2025
Daily activity on Tue Jul 15 07:15:15 UTC 2025
Daily activity on Wed Jul 16 07:14:58 UTC 2025
Daily activity on Thu Jul 17 07:15:09 UTC 2025
Daily activity on Fri Jul 18 07:16:13 UTC 2025
Daily activity on Sat Jul 19 07:11:10 UTC 2025
Daily activity on Sun Jul 20 07:10:38 UTC 2025
Daily activity on Mon Jul 21 07:19:56 UTC 2025
Daily activity on Tue Jul 22 07:16:05 UTC 2025
Daily activity on Wed Jul 23 07:17:01 UTC 2025
Daily activity on Thu Jul 24 07:16:02 UTC 2025
Daily activity on Fri Jul 25 07:16:19 UTC 2025
Daily activity on Sat Jul 26 07:12:04 UTC 2025
Daily activity on Sun Jul 27 07:12:01 UTC 2025
Daily activity on Mon Jul 28 07:18:41 UTC 2025
Daily activity on Tue Jul 29 07:17:11 UTC 2025
Daily activity on Wed Jul 30 07:17:53 UTC 2025
Daily activity on Thu Jul 31 07:17:04 UTC 2025
Daily activity on Fri Aug  1 07:18:53 UTC 2025
Daily activity on Sat Aug  2 07:11:41 UTC 2025
Daily activity on Sun Aug  3 07:11:57 UTC 2025
Daily activity on Mon Aug  4 07:21:42 UTC 2025
Daily activity on Tue Aug  5 07:19:02 UTC 2025
Daily activity on Wed Aug  6 07:18:27 UTC 2025
Daily activity on Thu Aug  7 07:18:37 UTC 2025
Daily activity on Fri Aug  8 07:18:39 UTC 2025
Daily activity on Sat Aug  9 07:10:53 UTC 2025
Daily activity on Sun Aug 10 07:10:33 UTC 2025
Daily activity on Mon Aug 11 07:18:19 UTC 2025
Daily activity on Tue Aug 12 07:13:31 UTC 2025
Daily activity on Wed Aug 13 07:13:48 UTC 2025
Daily activity on Thu Aug 14 07:13:59 UTC 2025
Daily activity on Fri Aug 15 07:12:59 UTC 2025
Daily activity on Sat Aug 16 07:10:10 UTC 2025
Daily activity on Sun Aug 17 07:10:52 UTC 2025
Daily activity on Mon Aug 18 07:16:07 UTC 2025
Daily activity on Tue Aug 19 07:11:21 UTC 2025
Daily activity on Wed Aug 20 07:11:39 UTC 2025
Daily activity on Thu Aug 21 07:14:56 UTC 2025
Daily activity on Fri Aug 22 07:11:02 UTC 2025
Daily activity on Sat Aug 23 07:09:50 UTC 2025
Daily activity on Sun Aug 24 07:10:12 UTC 2025
Daily activity on Mon Aug 25 07:12:47 UTC 2025
Daily activity on Tue Aug 26 07:12:02 UTC 2025
Daily activity on Wed Aug 27 07:11:08 UTC 2025
Daily activity on Thu Aug 28 07:11:22 UTC 2025
Daily activity on Fri Aug 29 07:11:20 UTC 2025
Daily activity on Sat Aug 30 07:09:36 UTC 2025
Daily activity on Sun Aug 31 07:09:49 UTC 2025
Daily activity on Mon Sep  1 07:13:04 UTC 2025
Daily activity on Tue Sep  2 07:11:31 UTC 2025
Daily activity on Wed Sep  3 07:11:08 UTC 2025
Daily activity on Thu Sep  4 07:10:55 UTC 2025
Daily activity on Fri Sep  5 07:10:44 UTC 2025
Daily activity on Sat Sep  6 07:09:24 UTC 2025
Daily activity on Sun Sep  7 07:09:46 UTC 2025
Daily activity on Mon Sep  8 07:11:47 UTC 2025
Daily activity on Tue Sep  9 07:11:37 UTC 2025
Daily activity on Wed Sep 10 07:10:51 UTC 2025
Daily activity on Thu Sep 11 07:11:30 UTC 2025
Daily activity on Fri Sep 12 07:10:30 UTC 2025
Daily activity on Sat Sep 13 07:09:04 UTC 2025
Daily activity on Sun Sep 14 07:09:35 UTC 2025
Daily activity on Mon Sep 15 07:12:00 UTC 2025
Daily activity on Tue Sep 16 07:11:54 UTC 2025
Daily activity on Wed Sep 17 07:10:34 UTC 2025
Daily activity on Thu Sep 18 07:11:13 UTC 2025
Daily activity on Fri Sep 19 07:10:43 UTC 2025
Daily activity on Sat Sep 20 07:09:44 UTC 2025
Daily activity on Sun Sep 21 07:09:15 UTC 2025
Daily activity on Mon Sep 22 07:12:06 UTC 2025
Daily activity on Tue Sep 23 07:11:57 UTC 2025
Daily activity on Wed Sep 24 07:11:41 UTC 2025
Daily activity on Thu Sep 25 07:11:57 UTC 2025
Daily activity on Fri Sep 26 07:11:28 UTC 2025
Daily activity on Sat Sep 27 07:09:09 UTC 2025
Daily activity on Sun Sep 28 07:09:31 UTC 2025
Daily activity on Mon Sep 29 07:12:12 UTC 2025
Daily activity on Tue Sep 30 07:12:12 UTC 2025
Daily activity on Wed Oct  1 07:11:40 UTC 2025
Daily activity on Thu Oct  2 07:10:59 UTC 2025
Daily activity on Fri Oct  3 07:10:57 UTC 2025
Daily activity on Sat Oct  4 07:09:07 UTC 2025
Daily activity on Sun Oct  5 07:09:14 UTC 2025
Daily activity on Mon Oct  6 07:11:46 UTC 2025
Daily activity on Tue Oct  7 07:11:43 UTC 2025
Daily activity on Wed Oct  8 07:10:56 UTC 2025
Daily activity on Thu Oct  9 07:11:19 UTC 2025
Daily activity on Fri Oct 10 07:11:15 UTC 2025
Daily activity on Sat Oct 11 07:09:18 UTC 2025
Daily activity on Sun Oct 12 07:09:32 UTC 2025
Daily activity on Mon Oct 13 07:12:27 UTC 2025
Daily activity on Tue Oct 14 07:12:10 UTC 2025
Daily activity on Wed Oct 15 07:12:03 UTC 2025
Daily activity on Thu Oct 16 07:11:57 UTC 2025
Daily activity on Fri Oct 17 07:11:28 UTC 2025
Daily activity on Sat Oct 18 07:09:40 UTC 2025
Daily activity on Sun Oct 19 07:09:30 UTC 2025
Daily activity on Mon Oct 20 07:12:29 UTC 2025
Daily activity on Tue Oct 21 07:12:25 UTC 2025
Daily activity on Wed Oct 22 07:11:55 UTC 2025
Daily activity on Thu Oct 23 07:12:00 UTC 2025
Daily activity on Fri Oct 24 07:11:30 UTC 2025
Daily activity on Sat Oct 25 07:10:08 UTC 2025
Daily activity on Sun Oct 26 07:09:49 UTC 2025
Daily activity on Mon Oct 27 07:12:39 UTC 2025
Daily activity on Tue Oct 28 07:11:50 UTC 2025
Daily activity on Wed Oct 29 07:12:12 UTC 2025
Daily activity on Thu Oct 30 07:11:23 UTC 2025
Daily activity on Fri Oct 31 07:11:23 UTC 2025
Daily activity on Sat Nov  1 07:10:22 UTC 2025
Daily activity on Sun Nov  2 07:10:06 UTC 2025
Daily activity on Mon Nov  3 07:12:27 UTC 2025
Daily activity on Tue Nov  4 07:11:56 UTC 2025
Daily activity on Wed Nov  5 07:11:59 UTC 2025
Daily activity on Thu Nov  6 07:11:43 UTC 2025
Daily activity on Fri Nov  7 07:11:45 UTC 2025
Daily activity on Sat Nov  8 07:10:01 UTC 2025
Daily activity on Sun Nov  9 07:10:41 UTC 2025
Daily activity on Mon Nov 10 07:12:44 UTC 2025
Daily activity on Tue Nov 11 07:12:14 UTC 2025
Daily activity on Wed Nov 12 07:12:11 UTC 2025
Daily activity on Thu Nov 13 07:11:53 UTC 2025
Daily activity on Fri Nov 14 07:11:53 UTC 2025
Daily activity on Sat Nov 15 07:09:49 UTC 2025
Daily activity on Sun Nov 16 07:10:37 UTC 2025
Daily activity on Mon Nov 17 07:12:43 UTC 2025
Daily activity on Tue Nov 18 07:11:50 UTC 2025
Daily activity on Wed Nov 19 07:12:12 UTC 2025
Daily activity on Thu Nov 20 07:12:01 UTC 2025
Daily activity on Fri Nov 21 07:12:33 UTC 2025
Daily activity on Sat Nov 22 07:10:30 UTC 2025
Daily activity on Sun Nov 23 07:10:59 UTC 2025
Daily activity on Mon Nov 24 07:12:49 UTC 2025
Daily activity on Tue Nov 25 07:13:06 UTC 2025
Daily activity on Wed Nov 26 07:12:39 UTC 2025
Daily activity on Thu Nov 27 07:13:29 UTC 2025
Daily activity on Fri Nov 28 07:12:47 UTC 2025
Daily activity on Sat Nov 29 07:10:41 UTC 2025
Daily activity on Sun Nov 30 07:10:40 UTC 2025
Daily activity on Mon Dec  1 07:15:53 UTC 2025
Daily activity on Tue Dec  2 07:14:59 UTC 2025
Daily activity on Wed Dec  3 07:14:26 UTC 2025
Daily activity on Thu Dec  4 07:14:25 UTC 2025
Daily activity on Fri Dec  5 07:14:03 UTC 2025
Daily activity on Sat Dec  6 07:10:46 UTC 2025
Daily activity on Sun Dec  7 07:11:10 UTC 2025
Daily activity on Mon Dec  8 07:17:04 UTC 2025
Daily activity on Tue Dec  9 07:15:26 UTC 2025
Daily activity on Wed Dec 10 07:15:45 UTC 2025
Daily activity on Thu Dec 11 07:17:45 UTC 2025
Daily activity on Fri Dec 12 07:16:13 UTC 2025
Daily activity on Sat Dec 13 07:11:02 UTC 2025
Daily activity on Sun Dec 14 07:11:36 UTC 2025
Daily activity on Mon Dec 15 07:17:50 UTC 2025
Daily activity on Tue Dec 16 07:16:33 UTC 2025
Daily activity on Wed Dec 17 07:15:35 UTC 2025
Daily activity on Thu Dec 18 07:15:14 UTC 2025
Daily activity on Fri Dec 19 07:15:00 UTC 2025
Daily activity on Sat Dec 20 07:10:49 UTC 2025
Daily activity on Sun Dec 21 07:12:30 UTC 2025
Daily activity on Mon Dec 22 07:17:12 UTC 2025
Daily activity on Tue Dec 23 07:16:59 UTC 2025
Daily activity on Wed Dec 24 07:16:48 UTC 2025
Daily activity on Thu Dec 25 07:15:07 UTC 2025
Daily activity on Fri Dec 26 07:15:00 UTC 2025
Daily activity on Sat Dec 27 07:11:39 UTC 2025
Daily activity on Sun Dec 28 07:13:06 UTC 2025
Daily activity on Mon Dec 29 07:18:43 UTC 2025
Daily activity on Tue Dec 30 07:15:30 UTC 2025
Daily activity on Wed Dec 31 07:16:18 UTC 2025
Daily activity on Thu Jan  1 07:16:10 UTC 2026
Daily activity on Fri Jan  2 07:16:57 UTC 2026
Daily activity on Sat Jan  3 07:12:24 UTC 2026
Daily activity on Sun Jan  4 07:14:31 UTC 2026
Daily activity on Mon Jan  5 07:21:39 UTC 2026
Daily activity on Tue Jan  6 07:18:59 UTC 2026
Daily activity on Wed Jan  7 07:18:25 UTC 2026
Daily activity on Thu Jan  8 07:17:49 UTC 2026
Daily activity on Fri Jan  9 07:18:47 UTC 2026
Daily activity on Sat Jan 10 07:12:07 UTC 2026
Daily activity on Sun Jan 11 07:13:57 UTC 2026
Daily activity on Mon Jan 12 07:20:01 UTC 2026
Daily activity on Tue Jan 13 07:18:18 UTC 2026
Daily activity on Wed Jan 14 07:18:30 UTC 2026
Daily activity on Thu Jan 15 07:18:29 UTC 2026
